"0",,"general",,,,,,,,"2024-11-21 21:12:36 +0000","date_time"
"1",,"general",,,,,,,,"3116","total_requests"
"2",,"general",,,,,,,,"3116","valid_requests"
"3",,"general",,,,,,,,"0","failed_requests"
"4",,"general",,,,,,,,"0","generation_time"
"5",,"general",,,,,,,,"1825","unique_visitors"
"6",,"general",,,,,,,,"1","unique_files"
"7",,"general",,,,,,,,"0","excluded_hits"
"8",,"general",,,,,,,,"9","unique_referrers"
"9",,"general",,,,,,,,"1","unique_not_found"
"10",,"general",,,,,,,,"0","unique_static_files"
"11",,"general",,,,,,,,"528555","log_size"
"12",,"general",,,,,,,,"0","bandwidth"
"13",,"general",,,,,,,,"/home/zekemath/ex4/log1.log; /home/zekemath/ex4/log2.log; /home/zekemath/ex4/log3.log; /home/zekemath/ex4/log4.log; /home/zekemath/ex4/log5.log","log_path"
"0",,"visitors","549","17.62%","312","17.10%","0","0.00%",,,"20241121"
"1",,"visitors","867","27.82%","525","28.77%","0","0.00%",,,"20240309"
"2",,"visitors","659","21.15%","385","21.10%","0","0.00%",,,"20240224"
"3",,"visitors","933","29.94%","537","29.42%","0","0.00%",,,"20240221"
"4",,"visitors","108","3.47%","66","3.62%","0","0.00%",,,"20240106"
"0",,"requests","2786","100.00%","1825","100.00%","0","0.00%","---","---","-"
"0",,"not_found","330","100.00%","0","0.00%","0","0.00%","---","---","-"
"0",,"hosts","1","0.03%","1","0.05%","0","0.00%",,,"207.64.56.221"
"1",,"hosts","1","0.03%","0","0.00%","0","0.00%",,,"33.213.147.163"
"2",,"hosts","1","0.03%","0","0.00%","0","0.00%",,,"1.228.115.175"
"3",,"hosts","1","0.03%","0","0.00%","0","0.00%",,,"54.61.142.130"
"4",,"hosts","1","0.03%","1","0.05%","0","0.00%",,,"89.51.206.207"
"5",,"hosts","1","0.03%","1","0.05%","0","0.00%",,,"160.102.68.148"
"6",,"hosts","1","0.03%","0","0.00%","0","0.00%",,,"156.195.188.112"
"7",,"hosts","1","0.03%","0","0.00%","0","0.00%",,,"68.120.20.202"
"8",,"hosts","1","0.03%","0","0.00%","0","0.00%",,,"244.188.9.155"
"9",,"hosts","1","0.03%","1","0.05%","0","0.00%",,,"171.15.53.153"
"10",,"hosts","1","0.03%","0","0.00%","0","0.00%",,,"89.124.236.139"
"11",,"hosts","1","0.03%","0","0.00%","0","0.00%",,,"4.22.77.92"
"12",,"hosts","1","0.03%","1","0.05%","0","0.00%",,,"231.111.213.163"
"13",,"hosts","1","0.03%","0","0.00%","0","0.00%",,,"35.69.73.74"
"14",,"hosts","1","0.03%","0","0.00%","0","0.00%",,,"114.49.135.138"
"15",,"hosts","1","0.03%","1","0.05%","0","0.00%",,,"251.15.55.210"
"16",,"hosts","1","0.03%","1","0.05%","0","0.00%",,,"233.150.57.39"
"17",,"hosts","1","0.03%","0","0.00%","0","0.00%",,,"92.161.134.203"
"18",,"hosts","1","0.03%","1","0.05%","0","0.00%",,,"53.211.29.186"
"19",,"hosts","1","0.03%","1","0.05%","0","0.00%",,,"78.62.177.241"
"20",,"hosts","1","0.03%","0","0.00%","0","0.00%",,,"47.249.159.71"
"21",,"hosts","1","0.03%","1","0.05%","0","0.00%",,,"211.59.222.173"
"22",,"hosts","1","0.03%","1","0.05%","0","0.00%",,,"225.220.192.203"
"23",,"hosts","1","0.03%","0","0.00%","0","0.00%",,,"104.250.227.99"
"24",,"hosts","1","0.03%","1","0.05%","0","0.00%",,,"111.162.136.8"
"25",,"hosts","1","0.03%","1","0.05%","0","0.00%",,,"156.193.168.62"
"26",,"hosts","1","0.03%","1","0.05%","0","0.00%",,,"151.229.115.117"
"27",,"hosts","1","0.03%","1","0.05%","0","0.00%",,,"69.232.84.1"
"28",,"hosts","1","0.03%","0","0.00%","0","0.00%",,,"38.208.104.70"
"29",,"hosts","1","0.03%","1","0.05%","0","0.00%",,,"216.127.45.33"
"30",,"hosts","1","0.03%","0","0.00%","0","0.00%",,,"179.42.215.159"
"31",,"hosts","1","0.03%","0","0.00%","0","0.00%",,,"118.136.234.174"
"32",,"hosts","1","0.03%","1","0.05%","0","0.00%",,,"28.76.0.150"
"33",,"hosts","1","0.03%","1","0.05%","0","0.00%",,,"88.4.232.35"
"34",,"hosts","1","0.03%","1","0.05%","0","0.00%",,,"103.82.246.30"
"35",,"hosts","1","0.03%","1","0.05%","0","0.00%",,,"144.74.247.201"
"36",,"hosts","1","0.03%","0","0.00%","0","0.00%",,,"49.147.128.96"
"37",,"hosts","1","0.03%","0","0.00%","0","0.00%",,,"21.236.207.212"
"38",,"hosts","1","0.03%","1","0.05%","0","0.00%",,,"114.21.19.148"
"39",,"hosts","1","0.03%","0","0.00%","0","0.00%",,,"84.167.217.171"
"40",,"hosts","1","0.03%","0","0.00%","0","0.00%",,,"168.51.203.207"
"41",,"hosts","1","0.03%","0","0.00%","0","0.00%",,,"159.32.98.214"
"42",,"hosts","1","0.03%","1","0.05%","0","0.00%",,,"229.18.52.196"
"43",,"hosts","1","0.03%","0","0.00%","0","0.00%",,,"120.161.183.226"
"44",,"hosts","1","0.03%","1","0.05%","0","0.00%",,,"113.16.186.97"
"45",,"hosts","1","0.03%","0","0.00%","0","0.00%",,,"189.205.182.80"
"46",,"hosts","1","0.03%","1","0.05%","0","0.00%",,,"49.220.97.2"
"47",,"hosts","1","0.03%","0","0.00%","0","0.00%",,,"66.104.234.104"
"48",,"hosts","1","0.03%","0","0.00%","0","0.00%",,,"131.208.172.198"
"49",,"hosts","1","0.03%","1","0.05%","0","0.00%",,,"51.95.69.71"
"50",,"hosts","1","0.03%","0","0.00%","0","0.00%",,,"49.91.223.113"
"51",,"hosts","1","0.03%","0","0.00%","0","0.00%",,,"199.218.143.70"
"52",,"hosts","1","0.03%","1","0.05%","0","0.00%",,,"216.90.118.140"
"53",,"hosts","1","0.03%","0","0.00%","0","0.00%",,,"58.252.39.219"
"54",,"hosts","1","0.03%","1","0.05%","0","0.00%",,,"48.168.148.26"
"55",,"hosts","1","0.03%","1","0.05%","0","0.00%",,,"109.53.214.108"
"56",,"hosts","1","0.03%","0","0.00%","0","0.00%",,,"65.69.6.152"
"57",,"hosts","1","0.03%","1","0.05%","0","0.00%",,,"155.205.145.143"
"58",,"hosts","1","0.03%","1","0.05%","0","0.00%",,,"87.25.218.130"
"59",,"hosts","1","0.03%","1","0.05%","0","0.00%",,,"4.132.37.122"
"60",,"hosts","1","0.03%","0","0.00%","0","0.00%",,,"126.99.213.167"
"61",,"hosts","1","0.03%","1","0.05%","0","0.00%",,,"89.67.180.4"
"62",,"hosts","1","0.03%","0","0.00%","0","0.00%",,,"226.19.186.122"
"63",,"hosts","1","0.03%","1","0.05%","0","0.00%",,,"89.91.124.146"
"64",,"hosts","1","0.03%","1","0.05%","0","0.00%",,,"180.81.88.84"
"65",,"hosts","1","0.03%","1","0.05%","0","0.00%",,,"253.52.145.57"
"66",,"hosts","1","0.03%","1","0.05%","0","0.00%",,,"165.88.163.251"
"67",,"hosts","1","0.03%","1","0.05%","0","0.00%",,,"221.126.226.123"
"68",,"hosts","1","0.03%","0","0.00%","0","0.00%",,,"204.159.9.97"
"69",,"hosts","1","0.03%","0","0.00%","0","0.00%",,,"25.158.8.88"
"70",,"hosts","1","0.03%","1","0.05%","0","0.00%",,,"198.41.78.27"
"71",,"hosts","1","0.03%","1","0.05%","0","0.00%",,,"100.83.76.146"
"72",,"hosts","1","0.03%","1","0.05%","0","0.00%",,,"26.44.233.73"
"73",,"hosts","1","0.03%","1","0.05%","0","0.00%",,,"235.33.30.62"
"74",,"hosts","1","0.03%","0","0.00%","0","0.00%",,,"166.101.43.109"
"75",,"hosts","1","0.03%","1","0.05%","0","0.00%",,,"189.184.80.197"
"76",,"hosts","1","0.03%","1","0.05%","0","0.00%",,,"54.6.184.97"
"77",,"hosts","1","0.03%","1","0.05%","0","0.00%",,,"228.230.81.73"
"78",,"hosts","1","0.03%","1","0.05%","0","0.00%",,,"189.208.49.30"
"79",,"hosts","1","0.03%","1","0.05%","0","0.00%",,,"24.205.247.60"
"80",,"hosts","1","0.03%","1","0.05%","0","0.00%",,,"103.164.14.65"
"81",,"hosts","1","0.03%","0","0.00%","0","0.00%",,,"8.150.58.96"
"82",,"hosts","1","0.03%","0","0.00%","0","0.00%",,,"93.235.218.16"
"83",,"hosts","1","0.03%","0","0.00%","0","0.00%",,,"90.250.6.21"
"84",,"hosts","1","0.03%","1","0.05%","0","0.00%",,,"30.154.200.80"
"85",,"hosts","1","0.03%","1","0.05%","0","0.00%",,,"201.29.135.80"
"86",,"hosts","1","0.03%","1","0.05%","0","0.00%",,,"66.234.122.215"
"87",,"hosts","1","0.03%","1","0.05%","0","0.00%",,,"207.106.240.100"
"88",,"hosts","1","0.03%","1","0.05%","0","0.00%",,,"247.153.249.179"
"89",,"hosts","1","0.03%","0","0.00%","0","0.00%",,,"176.63.22.221"
"90",,"hosts","1","0.03%","1","0.05%","0","0.00%",,,"202.111.75.149"
"91",,"hosts","1","0.03%","0","0.00%","0","0.00%",,,"93.255.169.254"
"92",,"hosts","1","0.03%","1","0.05%","0","0.00%",,,"42.212.163.243"
"93",,"hosts","1","0.03%","1","0.05%","0","0.00%",,,"23.123.111.115"
"94",,"hosts","1","0.03%","1","0.05%","0","0.00%",,,"140.214.130.223"
"95",,"hosts","1","0.03%","1","0.05%","0","0.00%",,,"185.227.66.97"
"96",,"hosts","1","0.03%","1","0.05%","0","0.00%",,,"4.24.77.25"
"97",,"hosts","1","0.03%","1","0.05%","0","0.00%",,,"25.22.45.106"
"98",,"hosts","1","0.03%","1","0.05%","0","0.00%",,,"33.175.153.11"
"99",,"hosts","1","0.03%","1","0.05%","0","0.00%",,,"215.22.168.244"
"100",,"hosts","1","0.03%","1","0.05%","0","0.00%",,,"229.10.102.135"
"101",,"hosts","1","0.03%","1","0.05%","0","0.00%",,,"15.173.177.123"
"102",,"hosts","1","0.03%","0","0.00%","0","0.00%",,,"14.192.65.229"
"103",,"hosts","1","0.03%","1","0.05%","0","0.00%",,,"75.15.90.183"
"104",,"hosts","1","0.03%","1","0.05%","0","0.00%",,,"182.123.247.225"
"105",,"hosts","1","0.03%","1","0.05%","0","0.00%",,,"18.207.120.73"
"106",,"hosts","1","0.03%","1","0.05%","0","0.00%",,,"76.245.11.204"
"107",,"hosts","1","0.03%","1","0.05%","0","0.00%",,,"248.245.222.237"
"108",,"hosts","1","0.03%","0","0.00%","0","0.00%",,,"108.82.171.112"
"109",,"hosts","1","0.03%","1","0.05%","0","0.00%",,,"126.209.60.178"
"110",,"hosts","1","0.03%","1","0.05%","0","0.00%",,,"119.217.97.209"
"111",,"hosts","1","0.03%","1","0.05%","0","0.00%",,,"186.97.234.136"
"112",,"hosts","1","0.03%","1","0.05%","0","0.00%",,,"214.181.67.187"
"113",,"hosts","1","0.03%","1","0.05%","0","0.00%",,,"236.21.44.29"
"114",,"hosts","1","0.03%","0","0.00%","0","0.00%",,,"248.215.89.46"
"115",,"hosts","1","0.03%","1","0.05%","0","0.00%",,,"24.162.1.229"
"116",,"hosts","1","0.03%","0","0.00%","0","0.00%",,,"34.204.159.175"
"117",,"hosts","1","0.03%","1","0.05%","0","0.00%",,,"98.79.17.14"
"118",,"hosts","1","0.03%","0","0.00%","0","0.00%",,,"78.125.166.253"
"119",,"hosts","1","0.03%","0","0.00%","0","0.00%",,,"182.51.121.249"
"120",,"hosts","1","0.03%","1","0.05%","0","0.00%",,,"206.210.164.6"
"121",,"hosts","1","0.03%","1","0.05%","0","0.00%",,,"194.247.73.38"
"122",,"hosts","1","0.03%","0","0.00%","0","0.00%",,,"174.46.54.21"
"123",,"hosts","1","0.03%","0","0.00%","0","0.00%",,,"200.172.101.178"
"124",,"hosts","1","0.03%","0","0.00%","0","0.00%",,,"78.111.89.34"
"125",,"hosts","1","0.03%","0","0.00%","0","0.00%",,,"177.97.251.75"
"126",,"hosts","1","0.03%","1","0.05%","0","0.00%",,,"187.221.174.197"
"127",,"hosts","1","0.03%","0","0.00%","0","0.00%",,,"250.131.29.165"
"128",,"hosts","1","0.03%","0","0.00%","0","0.00%",,,"79.195.72.166"
"129",,"hosts","1","0.03%","1","0.05%","0","0.00%",,,"99.35.153.184"
"130",,"hosts","1","0.03%","1","0.05%","0","0.00%",,,"153.96.38.160"
"131",,"hosts","1","0.03%","0","0.00%","0","0.00%",,,"224.90.222.160"
"132",,"hosts","1","0.03%","1","0.05%","0","0.00%",,,"73.206.85.113"
"133",,"hosts","1","0.03%","0","0.00%","0","0.00%",,,"172.134.183.177"
"134",,"hosts","1","0.03%","0","0.00%","0","0.00%",,,"221.245.166.225"
"135",,"hosts","1","0.03%","0","0.00%","0","0.00%",,,"214.20.238.150"
"136",,"hosts","1","0.03%","1","0.05%","0","0.00%",,,"107.148.40.135"
"137",,"hosts","1","0.03%","1","0.05%","0","0.00%",,,"153.40.199.8"
"138",,"hosts","1","0.03%","0","0.00%","0","0.00%",,,"101.131.105.87"
"139",,"hosts","1","0.03%","1","0.05%","0","0.00%",,,"15.74.46.152"
"140",,"hosts","1","0.03%","0","0.00%","0","0.00%",,,"230.174.177.166"
"141",,"hosts","1","0.03%","1","0.05%","0","0.00%",,,"33.141.100.49"
"142",,"hosts","1","0.03%","1","0.05%","0","0.00%",,,"137.224.133.85"
"143",,"hosts","1","0.03%","1","0.05%","0","0.00%",,,"160.200.131.41"
"144",,"hosts","1","0.03%","1","0.05%","0","0.00%",,,"28.115.90.60"
"145",,"hosts","1","0.03%","0","0.00%","0","0.00%",,,"103.52.152.164"
"146",,"hosts","1","0.03%","1","0.05%","0","0.00%",,,"78.6.223.218"
"147",,"hosts","1","0.03%","0","0.00%","0","0.00%",,,"134.58.58.211"
"148",,"hosts","1","0.03%","0","0.00%","0","0.00%",,,"175.182.197.213"
"149",,"hosts","1","0.03%","1","0.05%","0","0.00%",,,"19.71.224.6"
"150",,"hosts","1","0.03%","0","0.00%","0","0.00%",,,"200.78.135.95"
"151",,"hosts","1","0.03%","1","0.05%","0","0.00%",,,"110.73.89.239"
"152",,"hosts","1","0.03%","1","0.05%","0","0.00%",,,"120.93.158.31"
"153",,"hosts","1","0.03%","0","0.00%","0","0.00%",,,"141.82.233.250"
"154",,"hosts","1","0.03%","1","0.05%","0","0.00%",,,"15.191.44.134"
"155",,"hosts","1","0.03%","0","0.00%","0","0.00%",,,"111.20.225.218"
"156",,"hosts","1","0.03%","1","0.05%","0","0.00%",,,"67.130.57.28"
"157",,"hosts","1","0.03%","0","0.00%","0","0.00%",,,"129.67.89.160"
"158",,"hosts","1","0.03%","1","0.05%","0","0.00%",,,"116.226.187.247"
"159",,"hosts","1","0.03%","1","0.05%","0","0.00%",,,"242.223.84.122"
"160",,"hosts","1","0.03%","1","0.05%","0","0.00%",,,"150.60.24.246"
"161",,"hosts","1","0.03%","1","0.05%","0","0.00%",,,"175.230.154.247"
"162",,"hosts","1","0.03%","1","0.05%","0","0.00%",,,"47.206.210.22"
"163",,"hosts","1","0.03%","1","0.05%","0","0.00%",,,"210.255.118.222"
"164",,"hosts","1","0.03%","1","0.05%","0","0.00%",,,"63.138.164.156"
"165",,"hosts","1","0.03%","0","0.00%","0","0.00%",,,"15.246.194.60"
"166",,"hosts","1","0.03%","0","0.00%","0","0.00%",,,"242.159.227.184"
"167",,"hosts","1","0.03%","0","0.00%","0","0.00%",,,"70.53.182.13"
"168",,"hosts","1","0.03%","1","0.05%","0","0.00%",,,"120.139.239.113"
"169",,"hosts","1","0.03%","0","0.00%","0","0.00%",,,"222.19.205.180"
"170",,"hosts","1","0.03%","0","0.00%","0","0.00%",,,"164.23.139.21"
"171",,"hosts","1","0.03%","0","0.00%","0","0.00%",,,"29.149.158.41"
"172",,"hosts","1","0.03%","0","0.00%","0","0.00%",,,"220.188.85.135"
"173",,"hosts","1","0.03%","1","0.05%","0","0.00%",,,"252.195.167.118"
"174",,"hosts","1","0.03%","0","0.00%","0","0.00%",,,"115.116.91.178"
"175",,"hosts","1","0.03%","0","0.00%","0","0.00%",,,"146.144.143.176"
"176",,"hosts","1","0.03%","1","0.05%","0","0.00%",,,"244.107.208.176"
"177",,"hosts","1","0.03%","1","0.05%","0","0.00%",,,"41.150.209.73"
"178",,"hosts","1","0.03%","0","0.00%","0","0.00%",,,"40.235.232.55"
"179",,"hosts","1","0.03%","0","0.00%","0","0.00%",,,"199.156.22.80"
"180",,"hosts","1","0.03%","1","0.05%","0","0.00%",,,"189.203.16.155"
"181",,"hosts","1","0.03%","0","0.00%","0","0.00%",,,"108.108.161.206"
"182",,"hosts","1","0.03%","1","0.05%","0","0.00%",,,"120.84.215.1"
"183",,"hosts","1","0.03%","1","0.05%","0","0.00%",,,"37.128.201.246"
"184",,"hosts","1","0.03%","0","0.00%","0","0.00%",,,"242.154.99.120"
"185",,"hosts","1","0.03%","1","0.05%","0","0.00%",,,"43.75.13.17"
"186",,"hosts","1","0.03%","0","0.00%","0","0.00%",,,"110.230.214.143"
"187",,"hosts","1","0.03%","0","0.00%","0","0.00%",,,"172.206.236.33"
"188",,"hosts","1","0.03%","0","0.00%","0","0.00%",,,"66.1.103.144"
"189",,"hosts","1","0.03%","1","0.05%","0","0.00%",,,"56.71.112.91"
"190",,"hosts","1","0.03%","1","0.05%","0","0.00%",,,"174.213.213.172"
"191",,"hosts","1","0.03%","1","0.05%","0","0.00%",,,"156.125.72.45"
"192",,"hosts","1","0.03%","0","0.00%","0","0.00%",,,"2.146.87.221"
"193",,"hosts","1","0.03%","1","0.05%","0","0.00%",,,"52.201.153.210"
"194",,"hosts","1","0.03%","0","0.00%","0","0.00%",,,"243.228.217.109"
"195",,"hosts","1","0.03%","1","0.05%","0","0.00%",,,"27.245.57.100"
"196",,"hosts","1","0.03%","1","0.05%","0","0.00%",,,"41.188.8.220"
"197",,"hosts","1","0.03%","1","0.05%","0","0.00%",,,"153.224.130.105"
"198",,"hosts","1","0.03%","1","0.05%","0","0.00%",,,"57.155.137.122"
"199",,"hosts","1","0.03%","1","0.05%","0","0.00%",,,"204.36.223.237"
"200",,"hosts","1","0.03%","1","0.05%","0","0.00%",,,"31.52.195.235"
"201",,"hosts","1","0.03%","1","0.05%","0","0.00%",,,"147.45.47.38"
"202",,"hosts","1","0.03%","0","0.00%","0","0.00%",,,"139.188.75.249"
"203",,"hosts","1","0.03%","1","0.05%","0","0.00%",,,"213.12.250.113"
"204",,"hosts","1","0.03%","0","0.00%","0","0.00%",,,"21.57.117.36"
"205",,"hosts","1","0.03%","1","0.05%","0","0.00%",,,"251.182.25.85"
"206",,"hosts","1","0.03%","1","0.05%","0","0.00%",,,"187.117.108.16"
"207",,"hosts","1","0.03%","1","0.05%","0","0.00%",,,"173.56.147.34"
"208",,"hosts","1","0.03%","0","0.00%","0","0.00%",,,"105.85.244.196"
"209",,"hosts","1","0.03%","1","0.05%","0","0.00%",,,"194.193.168.23"
"210",,"hosts","1","0.03%","0","0.00%","0","0.00%",,,"145.23.79.13"
"211",,"hosts","1","0.03%","1","0.05%","0","0.00%",,,"6.6.117.111"
"212",,"hosts","1","0.03%","1","0.05%","0","0.00%",,,"120.52.219.147"
"213",,"hosts","1","0.03%","1","0.05%","0","0.00%",,,"162.196.167.165"
"214",,"hosts","1","0.03%","0","0.00%","0","0.00%",,,"39.141.91.180"
"215",,"hosts","1","0.03%","0","0.00%","0","0.00%",,,"68.174.185.93"
"216",,"hosts","1","0.03%","1","0.05%","0","0.00%",,,"77.149.112.37"
"217",,"hosts","1","0.03%","0","0.00%","0","0.00%",,,"245.130.138.52"
"218",,"hosts","1","0.03%","1","0.05%","0","0.00%",,,"23.248.10.179"
"219",,"hosts","1","0.03%","0","0.00%","0","0.00%",,,"215.108.206.205"
"220",,"hosts","1","0.03%","1","0.05%","0","0.00%",,,"194.129.193.16"
"221",,"hosts","1","0.03%","1","0.05%","0","0.00%",,,"252.132.90.118"
"222",,"hosts","1","0.03%","1","0.05%","0","0.00%",,,"148.90.58.184"
"223",,"hosts","1","0.03%","0","0.00%","0","0.00%",,,"13.129.125.26"
"224",,"hosts","1","0.03%","1","0.05%","0","0.00%",,,"4.190.80.174"
"225",,"hosts","1","0.03%","0","0.00%","0","0.00%",,,"64.124.29.77"
"226",,"hosts","1","0.03%","1","0.05%","0","0.00%",,,"158.35.224.52"
"227",,"hosts","1","0.03%","1","0.05%","0","0.00%",,,"13.50.138.179"
"228",,"hosts","1","0.03%","0","0.00%","0","0.00%",,,"63.130.122.120"
"229",,"hosts","1","0.03%","1","0.05%","0","0.00%",,,"228.88.132.104"
"230",,"hosts","1","0.03%","0","0.00%","0","0.00%",,,"99.136.78.184"
"231",,"hosts","1","0.03%","1","0.05%","0","0.00%",,,"50.106.207.176"
"232",,"hosts","1","0.03%","1","0.05%","0","0.00%",,,"8.69.181.114"
"233",,"hosts","1","0.03%","1","0.05%","0","0.00%",,,"87.253.93.191"
"234",,"hosts","1","0.03%","1","0.05%","0","0.00%",,,"93.76.19.55"
"235",,"hosts","1","0.03%","1","0.05%","0","0.00%",,,"169.193.104.89"
"236",,"hosts","1","0.03%","0","0.00%","0","0.00%",,,"82.108.128.216"
"237",,"hosts","1","0.03%","1","0.05%","0","0.00%",,,"203.93.107.249"
"238",,"hosts","1","0.03%","1","0.05%","0","0.00%",,,"142.19.242.154"
"239",,"hosts","1","0.03%","0","0.00%","0","0.00%",,,"219.21.60.161"
"240",,"hosts","1","0.03%","1","0.05%","0","0.00%",,,"68.135.144.232"
"241",,"hosts","1","0.03%","1","0.05%","0","0.00%",,,"82.164.33.2"
"242",,"hosts","1","0.03%","1","0.05%","0","0.00%",,,"144.62.157.57"
"243",,"hosts","1","0.03%","1","0.05%","0","0.00%",,,"62.209.159.90"
"244",,"hosts","1","0.03%","1","0.05%","0","0.00%",,,"103.151.16.61"
"245",,"hosts","1","0.03%","0","0.00%","0","0.00%",,,"165.77.149.153"
"246",,"hosts","1","0.03%","1","0.05%","0","0.00%",,,"212.71.253.94"
"247",,"hosts","1","0.03%","0","0.00%","0","0.00%",,,"91.114.62.205"
"248",,"hosts","1","0.03%","1","0.05%","0","0.00%",,,"156.172.211.149"
"249",,"hosts","1","0.03%","0","0.00%","0","0.00%",,,"134.134.94.20"
"250",,"hosts","1","0.03%","1","0.05%","0","0.00%",,,"143.209.190.32"
"251",,"hosts","1","0.03%","0","0.00%","0","0.00%",,,"12.108.105.140"
"252",,"hosts","1","0.03%","1","0.05%","0","0.00%",,,"183.190.194.253"
"253",,"hosts","1","0.03%","1","0.05%","0","0.00%",,,"150.108.32.34"
"254",,"hosts","1","0.03%","0","0.00%","0","0.00%",,,"235.190.126.4"
"255",,"hosts","1","0.03%","0","0.00%","0","0.00%",,,"56.207.174.255"
"256",,"hosts","1","0.03%","1","0.05%","0","0.00%",,,"177.28.136.104"
"257",,"hosts","1","0.03%","0","0.00%","0","0.00%",,,"19.161.220.243"
"258",,"hosts","1","0.03%","0","0.00%","0","0.00%",,,"133.31.102.89"
"259",,"hosts","1","0.03%","0","0.00%","0","0.00%",,,"245.141.197.230"
"260",,"hosts","1","0.03%","1","0.05%","0","0.00%",,,"91.157.87.125"
"261",,"hosts","1","0.03%","1","0.05%","0","0.00%",,,"84.224.148.119"
"262",,"hosts","1","0.03%","0","0.00%","0","0.00%",,,"20.63.111.221"
"263",,"hosts","1","0.03%","0","0.00%","0","0.00%",,,"144.123.60.59"
"264",,"hosts","1","0.03%","1","0.05%","0","0.00%",,,"83.117.75.117"
"265",,"hosts","1","0.03%","0","0.00%","0","0.00%",,,"240.27.182.181"
"266",,"hosts","1","0.03%","1","0.05%","0","0.00%",,,"159.179.161.241"
"267",,"hosts","1","0.03%","1","0.05%","0","0.00%",,,"191.11.41.115"
"268",,"hosts","1","0.03%","1","0.05%","0","0.00%",,,"0.20.29.55"
"269",,"hosts","1","0.03%","1","0.05%","0","0.00%",,,"38.221.205.247"
"270",,"hosts","1","0.03%","0","0.00%","0","0.00%",,,"117.90.33.209"
"271",,"hosts","1","0.03%","1","0.05%","0","0.00%",,,"158.74.127.135"
"272",,"hosts","1","0.03%","0","0.00%","0","0.00%",,,"252.204.143.37"
"273",,"hosts","1","0.03%","1","0.05%","0","0.00%",,,"18.155.200.12"
"274",,"hosts","1","0.03%","1","0.05%","0","0.00%",,,"24.198.214.225"
"275",,"hosts","1","0.03%","0","0.00%","0","0.00%",,,"114.161.24.203"
"276",,"hosts","1","0.03%","1","0.05%","0","0.00%",,,"49.246.116.50"
"277",,"hosts","1","0.03%","0","0.00%","0","0.00%",,,"106.208.167.206"
"278",,"hosts","1","0.03%","0","0.00%","0","0.00%",,,"73.31.23.244"
"279",,"hosts","1","0.03%","0","0.00%","0","0.00%",,,"78.57.64.83"
"280",,"hosts","1","0.03%","1","0.05%","0","0.00%",,,"255.207.67.123"
"281",,"hosts","1","0.03%","0","0.00%","0","0.00%",,,"40.8.222.90"
"282",,"hosts","1","0.03%","0","0.00%","0","0.00%",,,"122.38.213.181"
"283",,"hosts","1","0.03%","0","0.00%","0","0.00%",,,"100.136.176.99"
"284",,"hosts","1","0.03%","1","0.05%","0","0.00%",,,"10.13.54.203"
"285",,"hosts","1","0.03%","1","0.05%","0","0.00%",,,"254.251.36.205"
"286",,"hosts","1","0.03%","0","0.00%","0","0.00%",,,"200.198.220.42"
"287",,"hosts","1","0.03%","1","0.05%","0","0.00%",,,"143.25.250.202"
"288",,"hosts","1","0.03%","1","0.05%","0","0.00%",,,"185.228.45.146"
"289",,"hosts","1","0.03%","0","0.00%","0","0.00%",,,"16.186.140.191"
"290",,"hosts","1","0.03%","1","0.05%","0","0.00%",,,"183.20.89.110"
"291",,"hosts","1","0.03%","0","0.00%","0","0.00%",,,"49.194.204.186"
"292",,"hosts","1","0.03%","0","0.00%","0","0.00%",,,"103.234.177.37"
"293",,"hosts","1","0.03%","1","0.05%","0","0.00%",,,"102.10.74.99"
"294",,"hosts","1","0.03%","0","0.00%","0","0.00%",,,"118.232.208.61"
"295",,"hosts","1","0.03%","1","0.05%","0","0.00%",,,"253.106.61.154"
"296",,"hosts","1","0.03%","1","0.05%","0","0.00%",,,"31.148.183.252"
"297",,"hosts","1","0.03%","1","0.05%","0","0.00%",,,"124.68.166.121"
"298",,"hosts","1","0.03%","0","0.00%","0","0.00%",,,"176.181.235.186"
"299",,"hosts","1","0.03%","0","0.00%","0","0.00%",,,"183.219.97.143"
"300",,"hosts","1","0.03%","1","0.05%","0","0.00%",,,"14.17.100.30"
"301",,"hosts","1","0.03%","0","0.00%","0","0.00%",,,"49.132.60.51"
"302",,"hosts","1","0.03%","1","0.05%","0","0.00%",,,"134.205.157.4"
"303",,"hosts","1","0.03%","1","0.05%","0","0.00%",,,"150.134.146.200"
"304",,"hosts","1","0.03%","0","0.00%","0","0.00%",,,"163.209.235.247"
"305",,"hosts","1","0.03%","1","0.05%","0","0.00%",,,"219.17.49.239"
"306",,"hosts","1","0.03%","0","0.00%","0","0.00%",,,"64.6.0.83"
"307",,"hosts","1","0.03%","1","0.05%","0","0.00%",,,"38.203.229.219"
"308",,"hosts","1","0.03%","1","0.05%","0","0.00%",,,"69.120.37.49"
"309",,"hosts","1","0.03%","0","0.00%","0","0.00%",,,"84.234.113.127"
"310",,"hosts","1","0.03%","1","0.05%","0","0.00%",,,"33.193.200.86"
"311",,"hosts","1","0.03%","1","0.05%","0","0.00%",,,"144.24.5.7"
"312",,"hosts","1","0.03%","1","0.05%","0","0.00%",,,"178.64.10.169"
"313",,"hosts","1","0.03%","1","0.05%","0","0.00%",,,"67.62.66.135"
"314",,"hosts","1","0.03%","0","0.00%","0","0.00%",,,"26.29.131.167"
"315",,"hosts","1","0.03%","1","0.05%","0","0.00%",,,"133.80.155.38"
"316",,"hosts","1","0.03%","0","0.00%","0","0.00%",,,"8.221.137.171"
"317",,"hosts","1","0.03%","0","0.00%","0","0.00%",,,"212.239.145.77"
"318",,"hosts","1","0.03%","0","0.00%","0","0.00%",,,"177.215.235.91"
"319",,"hosts","1","0.03%","1","0.05%","0","0.00%",,,"12.249.126.133"
"320",,"hosts","1","0.03%","1","0.05%","0","0.00%",,,"44.92.243.136"
"321",,"hosts","1","0.03%","0","0.00%","0","0.00%",,,"169.80.228.182"
"322",,"hosts","1","0.03%","1","0.05%","0","0.00%",,,"145.108.125.152"
"323",,"hosts","1","0.03%","1","0.05%","0","0.00%",,,"205.133.70.219"
"324",,"hosts","1","0.03%","1","0.05%","0","0.00%",,,"48.19.222.255"
"325",,"hosts","1","0.03%","1","0.05%","0","0.00%",,,"14.164.59.249"
"326",,"hosts","1","0.03%","0","0.00%","0","0.00%",,,"252.18.102.218"
"327",,"hosts","1","0.03%","0","0.00%","0","0.00%",,,"122.142.187.159"
"328",,"hosts","1","0.03%","1","0.05%","0","0.00%",,,"20.96.92.9"
"329",,"hosts","1","0.03%","1","0.05%","0","0.00%",,,"238.142.58.40"
"330",,"hosts","1","0.03%","1","0.05%","0","0.00%",,,"166.158.240.117"
"331",,"hosts","1","0.03%","0","0.00%","0","0.00%",,,"83.77.4.42"
"332",,"hosts","1","0.03%","0","0.00%","0","0.00%",,,"179.172.58.91"
"333",,"hosts","1","0.03%","1","0.05%","0","0.00%",,,"115.217.98.179"
"334",,"hosts","1","0.03%","1","0.05%","0","0.00%",,,"13.6.253.40"
"335",,"hosts","1","0.03%","0","0.00%","0","0.00%",,,"28.96.231.155"
"336",,"hosts","1","0.03%","0","0.00%","0","0.00%",,,"154.130.45.128"
"337",,"hosts","1","0.03%","0","0.00%","0","0.00%",,,"231.65.45.241"
"338",,"hosts","1","0.03%","0","0.00%","0","0.00%",,,"29.59.175.105"
"339",,"hosts","1","0.03%","1","0.05%","0","0.00%",,,"155.252.50.125"
"340",,"hosts","1","0.03%","0","0.00%","0","0.00%",,,"76.219.0.116"
"341",,"hosts","1","0.03%","1","0.05%","0","0.00%",,,"142.178.101.143"
"342",,"hosts","1","0.03%","0","0.00%","0","0.00%",,,"97.221.78.45"
"343",,"hosts","1","0.03%","0","0.00%","0","0.00%",,,"250.61.185.163"
"344",,"hosts","1","0.03%","0","0.00%","0","0.00%",,,"17.255.9.221"
"345",,"hosts","1","0.03%","1","0.05%","0","0.00%",,,"2.30.161.47"
"346",,"hosts","1","0.03%","0","0.00%","0","0.00%",,,"198.39.93.147"
"347",,"hosts","1","0.03%","0","0.00%","0","0.00%",,,"188.142.11.169"
"348",,"hosts","1","0.03%","1","0.05%","0","0.00%",,,"220.112.154.17"
"349",,"hosts","1","0.03%","1","0.05%","0","0.00%",,,"28.54.177.62"
"350",,"hosts","1","0.03%","1","0.05%","0","0.00%",,,"112.201.72.197"
"351",,"hosts","1","0.03%","0","0.00%","0","0.00%",,,"49.103.185.1"
"352",,"hosts","1","0.03%","0","0.00%","0","0.00%",,,"24.194.176.210"
"353",,"hosts","1","0.03%","1","0.05%","0","0.00%",,,"231.31.81.12"
"354",,"hosts","1","0.03%","1","0.05%","0","0.00%",,,"35.218.182.59"
"355",,"hosts","1","0.03%","1","0.05%","0","0.00%",,,"116.84.166.203"
"356",,"hosts","1","0.03%","0","0.00%","0","0.00%",,,"146.230.124.128"
"357",,"hosts","1","0.03%","1","0.05%","0","0.00%",,,"183.207.144.209"
"358",,"hosts","1","0.03%","1","0.05%","0","0.00%",,,"190.49.91.222"
"359",,"hosts","1","0.03%","1","0.05%","0","0.00%",,,"43.152.8.84"
"360",,"hosts","1","0.03%","0","0.00%","0","0.00%",,,"228.151.35.232"
"361",,"hosts","1","0.03%","1","0.05%","0","0.00%",,,"16.37.150.14"
"362",,"hosts","1","0.03%","1","0.05%","0","0.00%",,,"255.143.48.231"
"363",,"hosts","1","0.03%","1","0.05%","0","0.00%",,,"251.231.221.37"
"364",,"hosts","1","0.03%","1","0.05%","0","0.00%",,,"179.76.159.192"
"365",,"hosts","1","0.03%","1","0.05%","0","0.00%",,,"111.187.179.100"
"0",,"os","2797","89.76%","1630","89.32%","0","0.00%",,,"Unknown"
"0","0","os","2797","89.76%","1630","89.32%","0","0.00%",,,"Unknown"
"1",,"os","99","3.18%","64","3.51%","0","0.00%",,,"Macintosh"
"0","1","os","73","2.34%","50","2.74%","0","0.00%",,,"OS X x.y"
"1","1","os","26","0.83%","14","0.77%","0","0.00%",,,"OS X"
"2",,"os","71","2.28%","39","2.14%","0","0.00%",,,"Unix-like"
"0","2","os","71","2.28%","39","2.14%","0","0.00%",,,"Googlebot/2.1"
"3",,"os","66","2.12%","37","2.03%","0","0.00%",,,"Linux"
"0","3","os","66","2.12%","37","2.03%","0","0.00%",,,"Linux"
"4",,"os","61","1.96%","40","2.19%","0","0.00%",,,"iOS"
"0","4","os","61","1.96%","40","2.19%","0","0.00%",,,"iPhone OS 13.5.1"
"5",,"os","22","0.71%","15","0.82%","0","0.00%",,,"Windows"
"0","5","os","22","0.71%","15","0.82%","0","0.00%",,,"Windows NT 10.0"
"0",,"browsers","1499","48.11%","864","47.34%","0","0.00%",,,"Unknown"
"0","0","browsers","1499","48.11%","864","47.34%","0","0.00%",,,"Unknown"
"1",,"browsers","823","26.41%","495","27.12%","0","0.00%",,,"Safari"
"0","1","browsers","534","17.14%","318","17.42%","0","0.00%",,,"Safari/604.1"
"1","1","browsers","289","9.27%","177","9.70%","0","0.00%",,,"Safari/537.36"
"2",,"browsers","292","9.37%","171","9.37%","0","0.00%",,,"Chrome"
"0","2","browsers","185","5.94%","110","6.03%","0","0.00%",,,"Chrome/91.0.4472.124"
"1","2","browsers","107","3.43%","61","3.34%","0","0.00%",,,"Chrome/51.0.2704.103"
"3",,"browsers","255","8.18%","152","8.33%","0","0.00%",,,"Opera"
"0","3","browsers","255","8.18%","152","8.33%","0","0.00%",,,"Opera/38.0.2220.41"
"4",,"browsers","90","2.89%","60","3.29%","0","0.00%",,,"Firefox"
"0","4","browsers","90","2.89%","60","3.29%","0","0.00%",,,"Firefox/42.0"
"5",,"browsers","85","2.73%","43","2.36%","0","0.00%",,,"MSIE"
"0","5","browsers","85","2.73%","43","2.36%","0","0.00%",,,"IEMobile/9.0"
"6",,"browsers","71","2.28%","39","2.14%","0","0.00%",,,"Crawlers"
"0","6","browsers","71","2.28%","39","2.14%","0","0.00%",,,"Googlebot/2.1"
"7",,"browsers","1","0.03%","1","0.05%","0","0.00%",,,"Others"
"0","7","browsers","1","0.03%","1","0.05%","0","0.00%",,,"curl/7.64.1"
"0",,"visit_time","3116","100.00%","1825","100.00%","0","0.00%",,,"15"
"0",,"referrers","388","12.45%","228","12.49%","0","0.00%",,,"Mozilla/5.0 (iPhone; CPU iPhone OS 13_5_1 like Mac OS X) AppleWebKit/605.1.15 (KHTML, like Gecko) Version/13.1.1 Mobile/15E148 Safari/604.1"
"1",,"referrers","369","11.84%","225","12.33%","0","0.00%",,,"Mozilla/5.0 (X11; Linux x86_64) AppleWebKit/537.36 (KHTML, like Gecko) Chrome/51.0.2704.103 Safari/537.36"
"2",,"referrers","348","11.17%","196","10.74%","0","0.00%",,,"PostmanRuntime/7.26.5v"
"3",,"referrers","346","11.10%","206","11.29%","0","0.00%",,,"Mozilla/5.0 (Windows NT 10.0; Win64; x64) AppleWebKit/537.36 (KHTML, like Gecko) Chrome/91.0.4472.124 Safari/537.36 Edg/91.0.864.59"
"4",,"referrers","342","10.98%","188","10.30%","0","0.00%",,,"Mozilla/5.0 (compatible; MSIE 9.0; Windows Phone OS 7.5; Trident/5.0; IEMobile/9.0)"
"5",,"referrers","335","10.75%","194","10.63%","0","0.00%",,,"Mozilla/5.0 (compatible; Googlebot/2.1; +http://www.google.com/bot.html)"
"6",,"referrers","331","10.62%","201","11.01%","0","0.00%",,,"Mozilla/5.0 (Macintosh; Intel Mac OS X x.y; rv:42.0) Gecko/20100101 Firefox/42.0"
"7",,"referrers","329","10.56%","195","10.68%","0","0.00%",,,"Mozilla/5.0 (X11; Linux x86_64) AppleWebKit/537.36 (KHTML, like Gecko) Chrome/51.0.2704.106 Safari/537.36 OPR/38.0.2220.41"
"8",,"referrers","328","10.53%","192","10.52%","0","0.00%",,,"curl/7.64.1"
"0",,"referring_sites","335","100.00%","194","100.00%","0","0.00%",,,"www.google.com"
"0",,"status_codes","1291","41.43%","0","0.00%","0","0.00%",,,"4xx Client Errors"
"0","0","status_codes","343","11.01%","0","0.00%","0","0.00%",,,"400 - Bad Request: The syntax of the request is invalid"
"1","0","status_codes","339","10.88%","0","0.00%","0","0.00%",,,"403 - Forbidden: Server is refusing to respond to it"
"2","0","status_codes","330","10.59%","0","0.00%","0","0.00%",,,"404 - Not Found: Requested resource could not be found"
"3","0","status_codes","279","8.95%","0","0.00%","0","0.00%",,,"401 - Unauthorized: Request needs user authentication"
"1",,"status_codes","1173","37.64%","1173","64.27%","0","0.00%",,,"5xx Server Errors"
"0","1","status_codes","313","10.04%","313","17.15%","0","0.00%",,,"500 - Internal Server Error"
"1","1","status_codes","291","9.34%","291","15.95%","0","0.00%",,,"503 - Service Unavailable: The server is currently unavailable"
"2","1","status_codes","288","9.24%","288","15.78%","0","0.00%",,,"501 - Not Implemented"
"3","1","status_codes","281","9.02%","281","15.40%","0","0.00%",,,"502 - Bad Gateway: Received an invalid response from the upstream"
"2",,"status_codes","652","20.92%","652","35.73%","0","0.00%",,,"2xx Success"
"0","2","status_codes","336","10.78%","336","18.41%","0","0.00%",,,"201 - Created: The request has been fulfilled and created"
"1","2","status_codes","316","10.14%","316","17.32%","0","0.00%",,,"200 - OK: The request sent by the client was successful"
